Country,2010,2010_lower, 2010_upper, 2011,2011_lower, 2011_upper, 2012,2012_lower, 2012_upper, 2013,2013_lower, 2013_upper, 2014,2014_lower, 2014_upper, 2015,2015_lower, 2015_upper, 2016,2016_lower, 2016_upper, 2017,2017_lower, 2017_upper, 2018,2018_lower, 2018_upper
Afghanistan,<1 ,<1 , 1,2 ,1 , 3,2 ,1 , 3,4 ,2 , 6,5 ,3 , 8,8 ,5 , 12,11 ,6 , 16,16 ,10 , 24,17 ,10 , 26
Albania,... ,... , ...,... ,... , ...,... ,... , ...,... ,... , ...,... ,... , ...,... ,... , ...,... ,... , ...,... ,... , ...,... ,... , ...
Algeria,67 ,62 , 71,>95 ,>95 , >95,>95 ,>95 , >95,>95 ,>95 , >95,>95 ,>95 , >95,>95 ,>95 , >95,>95 ,>95 , >95,>95 ,>95 , >95,>95 ,>95 , >95
Angola,5 ,4 , 6,6 ,5 , 7,7 ,6 , 9,8 ,7 , 10,10 ,8 , 12,12 ,10 , 15,9 ,7 , 11,10 ,8 , 13,13 ,10 , 16
Antigua and Barbuda,<1 ,<1 , <1,<1 ,<1 , <1,<1 ,<1 , <1,<1 ,<1 , <1,<1 ,<1 , <1,<1 ,<1 , <1,<1 ,<1 , <1,<1 ,<1 , <1,<1 ,<1 , <1
Argentina,85 ,78 , 93,86 ,78 , 94,84 ,77 , 93,82 ,76 , 92,81 ,74 , 91,95 ,86 , >95,94 ,86 , >95,93 ,85 , >95,92 ,84 , >95
Armenia,... ,... , ...,... ,... , ...,... ,... , ...,... ,... , ...,... ,... , ...,... ,... , ...,... ,... , ...,... ,... , ...,... ,... , ...
Australia,... ,... , ...,... ,... , ...,... ,... , ...,... ,... , ...,... ,... , ...,... ,... , ...,... ,... , ...,... ,... , ...,... ,... , ...
Austria,... ,... , ...,... ,... , ...,... ,... , ...,... ,... , ...,... ,... , ...,... ,... , ...,... ,... , ...,... ,... , ...,... ,... , ...
Azerbaijan,... ,... , ...,... ,... , ...,... ,... , ...,... ,... , ...,... ,... , ...,... ,... , ...,... ,... , ...,... ,... , ...,... ,... , ...
Bahamas,22 ,20 , 25,18 ,17 , 20,15 ,13 , 16,20 ,17 , 23,16 ,13 , 19,22 ,19 , 28,17 ,14 , 21,19 ,16 , 24,21 ,18 , 26
Bahrain,... ,... , ...,... ,... , ...,... ,... , ...,... ,... , ...,... ,... , ...,... ,... , ...,... ,... , ...,... ,... , ...,... ,... , ...
Bangladesh,11 ,9 , 12,16 ,14 , 19,18 ,15 , 21,21 ,18 , 24,26 ,22 , 30,27 ,23 , 32,32 ,27 , 37,32 ,27 , 36,33 ,28 , 38
Barbados,... ,... , ...,... ,... , ...,... ,... , ...,... ,... , ...,... ,... , ...,... ,... , ...,... ,... , ...,... ,... , ...,... ,... , ...
Belarus,>95 ,70 , >95,>95 ,68 , >95,>95 ,65 , >95,>95 ,70 , >95,>95 ,69 , >95,>95 ,73 , >95,>95 ,76 , >95,91 ,65 , >95,88 ,64 , >95
Belgium,... ,... , ...,... ,... , ...,... ,... , ...,... ,... , ...,... ,... , ...,... ,... , ...,... ,... , ...,... ,... , ...,... ,... , ...
Belize,46 ,43 , 50,41 ,38 , 45,31 ,29 , 34,41 ,37 , 44,40 ,36 , 43,40 ,36 , 44,36 ,33 , 40,34 ,31 , 37,34 ,31 , 38
Benin,23 ,14 , 40,28 ,17 , 49,33 ,20 , 58,24 ,15 , 43,29 ,18 , 51,35 ,22 , 62,40 ,25 , 71,38 ,23 , 67,44 ,27 , 77
Bhutan,... ,... , ...,... ,... , ...,... ,... , ...,... ,... , ...,... ,... , ...,... ,... , ...,... ,... , ...,... ,... , ...,... ,... , ...
Bolivia (Plurinational State of),6 ,5 , 6,6 ,5 , 6,9 ,8 , 9,11 ,11 , 12,13 ,12 , 14,22 ,20 , 24,28 ,25 , 30,33 ,30 , 35,40 ,37 , 43
Bosnia and Herzegovina,,,,,,,,,,,,,,,,... ,... , ...,... ,... , ...,... ,... , ...,... ,... , ...
Botswana,29 ,25 , 32,34 ,28 , 38,40 ,33 , 45,45 ,36 , 51,42 ,34 , 49,45 ,35 , 52,42 ,32 , 49,38 ,28 , 45,38 ,28 , 46
Brazil,... ,... , ...,... ,... , ...,... ,... , ...,... ,... , ...,... ,... , ...,... ,... , ...,... ,... , ...,... ,... , ...,... ,... , ...
Bulgaria,... ,... , ...,... ,... , ...,... ,... , ...,... ,... , ...,... ,... , ...,... ,... , ...,... ,... , ...,... ,... , ...,... ,... , ...
Burkina Faso,9 ,6 , 11,11 ,8 , 14,12 ,8 , 15,13 ,9 , 17,17 ,12 , 22,14 ,10 , 19,17 ,11 , 22,19 ,13 , 25,21 ,15 , 29
Burundi,10 ,8 , 12,11 ,9 , 13,12 ,10 , 15,14 ,11 , 17,17 ,13 , 20,19 ,14 , 23,24 ,18 , 29,28 ,20 , 34,30 ,22 , 38
Cabo Verde,... ,... , ...,... ,... , ...,... ,... , ...,... ,... , ...,... ,... , ...,... ,... , ...,... ,... , ...,... ,... , ...,... ,... , ...
Cambodia,88 ,76 , >95,>95 ,83 , >95,>95 ,88 , >95,93 ,80 , >95,>95 ,82 , >95,>95 ,86 , >95,>95 ,83 , >95,>95 ,83 , >95,92 ,78 , >95
Cameroon,7 ,6 , 8,8 ,7 , 9,9 ,7 , 10,11 ,9 , 12,12 ,9 , 13,14 ,11 , 17,18 ,14 , 21,22 ,17 , 26,24 ,18 , 28
Canada,... ,... , ...,... ,... , ...,... ,... , ...,... ,... , ...,... ,... , ...,... ,... , ...,... ,... , ...,... ,... , ...,... ,... , ...
Central African Republic,5 ,4 , 6,5 ,4 , 5,5 ,4 , 7,6 ,5 , 8,11 ,9 , 14,19 ,15 , 22,13 ,11 , 16,19 ,15 , 24,23 ,18 , 29
Chad,6 ,4 , 8,8 ,6 , 11,8 ,6 , 11,9 ,6 , 11,9 ,6 , 11,9 ,6 , 12,9 ,7 , 12,13 ,9 , 17,16 ,11 , 22
Chile,93 ,86 , >95,84 ,77 , 91,69 ,63 , 74,68 ,62 , 73,70 ,63 , 76,57 ,52 , 63,65 ,59 , 71,59 ,53 , 65,56 ,50 , 61
China,... ,... , ...,... ,... , ...,... ,... , ...,... ,... , ...,... ,... , ...,... ,... , ...,... ,... , ...,... ,... , ...,... ,... , ...
Colombia,15 ,13 , 18,15 ,13 , 17,15 ,13 , 17,15 ,12 , 17,22 ,18 , 26,23 ,19 , 28,23 ,19 , 28,17 ,14 , 21,41 ,32 , 49
Comoros,... ,... , ...,... ,... , ...,... ,... , ...,... ,... , ...,... ,... , ...,... ,... , ...,... ,... , ...,... ,... , ...,... ,... , ...
Congo,12 ,10 , 14,13 ,10 , 16,14 ,11 , 17,15 ,12 , 18,18 ,14 , 22,18 ,14 , 22,19 ,15 , 24,21 ,16 , 27,25 ,19 , 33
Costa Rica,... ,... , ...,... ,... , ...,... ,... , ...,... ,... , ...,... ,... , ...,... ,... , ...,... ,... , ...,... ,... , ...,... ,... , ...
Croatia,,,,,,,,,,,,,... ,... , ...,... ,... , ...,... ,... , ...,... ,... , ...,... ,... , ...
Cuba,33 ,23 , 44,34 ,24 , 45,34 ,24 , 44,36 ,25 , 48,35 ,24 , 48,35 ,24 , 47,35 ,24 , 47,36 ,24 , 49,34 ,23 , 46
Cyprus,... ,... , ...,... ,... , ...,... ,... , ...,... ,... , ...,... ,... , ...,... ,... , ...,... ,... , ...,... ,... , ...,... ,... , ...
Czechia,... ,... , ...,... ,... , ...,... ,... , ...,... ,... , ...,... ,... , ...,... ,... , ...,... ,... , ...,... ,... , ...,... ,... , ...
CÃ´te d'Ivoire,9 ,7 , 13,11 ,8 , 14,13 ,9 , 17,14 ,10 , 18,17 ,13 , 23,20 ,15 , 27,26 ,19 , 35,30 ,22 , 41,40 ,29 , 54
Democratic People's Republic of Korea,... ,... , ...,... ,... , ...,... ,... , ...,... ,... , ...,... ,... , ...,... ,... , ...,... ,... , ...,... ,... , ...,... ,... , ...
Democratic Republic of the Congo,3 ,2 , 3,8 ,6 , 9,6 ,5 , 7,7 ,5 , 8,12 ,9 , 14,15 ,12 , 18,21 ,17 , 25,27 ,21 , 32,25 ,20 , 30
Denmark,... ,... , ...,... ,... , ...,... ,... , ...,... ,... , ...,... ,... , ...,... ,... , ...,... ,... , ...,... ,... , ...,... ,... , ...
Djibouti,3 ,3 , 4,3 ,3 , 4,4 ,3 , 4,4 ,3 , 5,5 ,4 , 6,8 ,6 , 10,9 ,7 , 11,10 ,8 , 12,10 ,8 , 13
Dominica,<1 ,<1 , <1,<1 ,<1 , <1,<1 ,<1 , <1,<1 ,<1 , <1,<1 ,<1 , <1,<1 ,<1 , <1,<1 ,<1 , <1,<1 ,<1 , <1,<1 ,<1 , <1
Dominican Republic,37 ,27 , 51,42 ,31 , 58,47 ,36 , 65,46 ,35 , 64,45 ,34 , 62,44 ,33 , 58,46 ,35 , 61,50 ,37 , 67,55 ,39 , 74
Ecuador,63 ,41 , >95,48 ,32 , 82,48 ,33 , 82,54 ,37 , 93,59 ,40 , >95,68 ,46 , >95,78 ,52 , >95,85 ,56 , >95,82 ,54 , >95
Egypt,21 ,20 , 23,23 ,21 , 24,20 ,19 , 22,22 ,21 , 24,24 ,22 , 25,23 ,22 , 25,27 ,25 , 29,36 ,33 , 38,39 ,36 , 42
El Salvador,44 ,34 , 55,51 ,40 , 63,44 ,34 , 54,41 ,32 , 51,48 ,38 , 59,40 ,31 , 49,34 ,26 , 42,28 ,22 , 35,24 ,19 , 30
Equatorial Guinea,2 ,1 , 2,4 ,3 , 4,4 ,3 , 5,4 ,3 , 5,4 ,3 , 5,5 ,4 , 6,7 ,6 , 10,11 ,8 , 14,14 ,10 , 19
Eritrea,13 ,10 , 18,17 ,12 , 23,20 ,15 , 29,24 ,17 , 34,27 ,19 , 39,30 ,21 , 43,33 ,23 , 48,32 ,22 , 46,37 ,26 , 55
Estonia,... ,... , ...,... ,... , ...,... ,... , ...,... ,... , ...,... ,... , ...,... ,... , ...,... ,... , ...,... ,... , ...,... ,... , ...
Eswatini,45 ,39 , 50,52 ,45 , 58,59 ,51 , 65,62 ,54 , 69,62 ,54 , 70,65 ,57 , 74,80 ,70 , 92,85 ,73 , >95,76 ,63 , 88
Ethiopia,23 ,15 , 34,29 ,19 , 45,35 ,22 , 53,40 ,26 , 60,50 ,33 , 77,48 ,31 , 73,55 ,35 , 83,57 ,37 , 87,59 ,38 , 90
Fiji,... ,... , ...,... ,... , ...,... ,... , ...,... ,... , ...,... ,... , ...,... ,... , ...,... ,... , ...,... ,... , ...,... ,... , ...
Finland,... ,... , ...,... ,... , ...,... ,... , ...,... ,... , ...,... ,... , ...,... ,... , ...,... ,... , ...,... ,... , ...,... ,... , ...
France,... ,... , ...,... ,... , ...,... ,... , ...,... ,... , ...,... ,... , ...,... ,... , ...,... ,... , ...,... ,... , ...,... ,... , ...
Gabon,11 ,8 , 14,12 ,9 , 15,14 ,11 , 18,21 ,16 , 27,32 ,24 , 41,41 ,30 , 53,44 ,32 , 58,44 ,32 , 59,57 ,41 , 78
Gambia,10 ,8 , 13,14 ,11 , 19,17 ,13 , 21,17 ,13 , 22,22 ,17 , 28,25 ,19 , 32,30 ,23 , 40,26 ,20 , 35,30 ,23 , 39
Georgia,... ,... , ...,... ,... , ...,... ,... , ...,... ,... , ...,... ,... , ...,... ,... , ...,... ,... , ...,... ,... , ...,... ,... , ...
Germany,... ,... , ...,... ,... , ...,... ,... , ...,... ,... , ...,... ,... , ...,... ,... , ...,... ,... , ...,... ,... , ...,... ,... , ...
Ghana,7 ,6 , 8,8 ,7 , 10,10 ,8 , 12,12 ,9 , 14,14 ,11 , 17,11 ,9 , 13,14 ,11 , 16,16 ,13 , 20,20 ,15 , 25
Greece,... ,... , ...,... ,... , ...,... ,... , ...,... ,... , ...,... ,... , ...,... ,... , ...,... ,... , ...,... ,... , ...,... ,... , ...
Grenada,<1 ,<1 , <1,30 ,27 , 36,10 ,9 , 12,20 ,18 , 24,9 ,7 , 11,18 ,15 , 20,18 ,15 , 20,<1 ,<1 , <1,36 ,33 , 43
Guatemala,21 ,19 , 22,31 ,29 , 33,36 ,33 , 38,35 ,32 , 37,39 ,35 , 42,36 ,32 , 38,35 ,31 , 37,35 ,32 , 37,36 ,33 , 39
Guinea,7 ,6 , 9,7 ,6 , 9,9 ,7 , 11,16 ,13 , 20,14 ,11 , 17,26 ,20 , 32,14 ,11 , 17,17 ,13 , 21,20 ,15 , 25
Guinea-Bissau,3 ,3 , 4,5 ,4 , 5,6 ,6 , 7,7 ,6 , 8,7 ,6 , 8,8 ,7 , 9,10 ,9 , 12,12 ,10 , 14,6 ,5 , 7
Guyana,73 ,63 , 85,76 ,65 , 89,72 ,63 , 85,65 ,56 , 75,60 ,52 , 69,54 ,47 , 64,54 ,47 , 63,44 ,37 , 52,38 ,31 , 44
Haiti,13 ,11 , 15,17 ,14 , 19,21 ,17 , 24,25 ,21 , 29,29 ,24 , 33,29 ,24 , 33,37 ,31 , 42,42 ,34 , 47,40 ,32 , 45
Honduras,51 ,42 , 60,49 ,40 , 58,56 ,46 , 66,55 ,46 , 65,57 ,47 , 68,51 ,41 , 59,51 ,42 , 60,55 ,44 , 65,41 ,33 , 49
Hungary,... ,... , ...,... ,... , ...,... ,... , ...,... ,... , ...,... ,... , ...,... ,... , ...,... ,... , ...,... ,... , ...,... ,... , ...
India,... ,... , ...,... ,... , ...,... ,... , ...,... ,... , ...,... ,... , ...,... ,... , ...,... ,... , ...,... ,... , ...,... ,... , ...
Indonesia,8 ,7 , 9,8 ,7 , 9,9 ,8 , 10,13 ,11 , 15,15 ,13 , 17,18 ,16 , 21,19 ,16 , 22,21 ,18 , 24,22 ,19 , 26
Iran (Islamic Republic of),7 ,6 , 12,12 ,9 , 18,15 ,11 , 23,19 ,14 , 28,26 ,20 , 39,34 ,25 , 54,42 ,30 , 69,51 ,35 , 90,58 ,39 , >95
Ireland,... ,... , ...,... ,... , ...,... ,... , ...,... ,... , ...,... ,... , ...,... ,... , ...,... ,... , ...,... ,... , ...,... ,... , ...
Israel,... ,... , ...,... ,... , ...,... ,... , ...,... ,... , ...,... ,... , ...,... ,... , ...,... ,... , ...,... ,... , ...,... ,... , ...
Italy,... ,... , ...,... ,... , ...,... ,... , ...,... ,... , ...,... ,... , ...,... ,... , ...,... ,... , ...,... ,... , ...,... ,... , ...
Jamaica,>95 ,>95 , >95,>95 ,>95 , >95,>95 ,>95 , >95,>95 ,>95 , >95,>95 ,>95 , >95,>95 ,>95 , >95,>95 ,>95 , >95,63 ,57 , 71,51 ,46 , 57
Japan,... ,... , ...,... ,... , ...,... ,... , ...,... ,... , ...,... ,... , ...,... ,... , ...,... ,... , ...,... ,... , ...,... ,... , ...
Jordan,... ,... , ...,... ,... , ...,... ,... , ...,... ,... , ...,... ,... , ...,... ,... , ...,... ,... , ...,... ,... , ...,... ,... , ...
Kazakhstan,>95 ,>95 , >95,>95 ,>95 , >95,>95 ,>95 , >95,>95 ,>95 , >95,>95 ,>95 , >95,>95 ,>95 , >95,>95 ,>95 , >95,>95 ,>95 , >95,>95 ,>95 , >95
Kenya,17 ,13 , 22,25 ,19 , 32,30 ,23 , 39,35 ,27 , 45,41 ,31 , 52,48 ,37 , 61,56 ,44 , 72,66 ,51 , 85,61 ,47 , 78
Kuwait,... ,... , ...,... ,... , ...,... ,... , ...,... ,... , ...,... ,... , ...,... ,... , ...,... ,... , ...,... ,... , ...,... ,... , ...
Kyrgyzstan,94 ,83 , >95,83 ,73 , >95,77 ,68 , 89,>95 ,89 , >95,>95 ,>95 , >95,>95 ,>95 , >95,>95 ,>95 , >95,>95 ,>95 , >95,>95 ,>95 , >95
Lao People's Democratic Republic,21 ,19 , 25,23 ,20 , 26,26 ,23 , 30,29 ,25 , 33,31 ,27 , 36,32 ,28 , 37,33 ,29 , 39,39 ,34 , 46,40 ,35 , 46
Latvia,... ,... , ...,... ,... , ...,... ,... , ...,... ,... , ...,... ,... , ...,... ,... , ...,... ,... , ...,... ,... , ...,... ,... , ...
Lebanon,... ,... , ...,... ,... , ...,... ,... , ...,... ,... , ...,... ,... , ...,... ,... , ...,... ,... , ...,... ,... , ...,... ,... , ...
Lesotho,32 ,28 , 36,34 ,29 , 38,36 ,31 , 40,37 ,31 , 41,42 ,35 , 47,58 ,48 , 66,73 ,59 , 84,72 ,57 , 83,70 ,55 , 81
Liberia,6 ,5 , 6,11 ,9 , 12,8 ,7 , 10,8 ,6 , 9,8 ,7 , 10,9 ,7 , 10,10 ,8 , 12,15 ,11 , 17,18 ,14 , 21
Libya,<1 ,<1 , <1,<1 ,<1 , <1,<1 ,<1 , <1,33 ,30 , 35,31 ,29 , 33,32 ,30 , 34,32 ,30 , 34,33 ,31 , 36,33 ,30 , 35
Lithuania,... ,... , ...,... ,... , ...,... ,... , ...,... ,... , ...,... ,... , ...,... ,... , ...,... ,... , ...,... ,... , ...,... ,... , ...
Luxembourg,... ,... , ...,... ,... , ...,... ,... , ...,... ,... , ...,... ,... , ...,... ,... , ...,... ,... , ...,... ,... , ...,... ,... , ...
Madagascar,1 ,1 , 2,<1 ,<1 , 1,<1 ,<1 , 1,1 ,<1 , 1,2 ,2 , 2,<1 ,<1 , 1,2 ,2 , 3,3 ,2 , 4,5 ,4 , 6
Malawi,14 ,12 , 16,19 ,16 , 22,25 ,20 , 28,30 ,24 , 35,35 ,27 , 41,40 ,31 , 47,48 ,37 , 57,57 ,44 , 68,61 ,47 , 73
Malaysia,62 ,50 , 76,68 ,55 , 84,71 ,57 , 88,76 ,61 , 94,80 ,65 , >95,85 ,70 , >95,88 ,73 , >95,93 ,77 , >95,94 ,77 , >95
Mali,8 ,6 , 9,10 ,8 , 11,11 ,9 , 13,11 ,9 , 13,13 ,10 , 16,14 ,12 , 18,15 ,12 , 19,16 ,13 , 20,18 ,14 , 23
Malta,... ,... , ...,... ,... , ...,... ,... , ...,... ,... , ...,... ,... , ...,... ,... , ...,... ,... , ...,... ,... , ...,... ,... , ...
Mauritania,7 ,6 , 8,<1 ,<1 , <1,<1 ,<1 , <1,26 ,23 , 31,36 ,31 , 43,47 ,41 , 57,49 ,42 , 59,49 ,42 , 60,54 ,46 , 66
Mauritius,7 ,5 , 9,9 ,7 , 11,9 ,7 , 11,11 ,9 , 13,20 ,16 , 23,22 ,19 , 26,35 ,30 , 40,43 ,37 , 48,45 ,40 , 50
Mexico,... ,... , ...,... ,... , ...,... ,... , ...,... ,... , ...,... ,... , ...,... ,... , ...,... ,... , ...,... ,... , ...,... ,... , ...
Mongolia,... ,... , ...,... ,... , ...,... ,... , ...,... ,... , ...,... ,... , ...,... ,... , ...,... ,... , ...,... ,... , ...,... ,... , ...
Montenegro,,,,,,,... ,... , ...,,,,... ,... , ...,... ,... , ...,... ,... , ...,... ,... , ...,... ,... , ...
Morocco,37 ,29 , 49,46 ,36 , 61,53 ,42 , 73,71 ,56 , >95,93 ,73 , >95,>95 ,74 , >95,>95 ,79 , >95,>95 ,83 , >95,>95 ,88 , >95
Mozambique,13 ,10 , 17,17 ,12 , 22,18 ,14 , 25,26 ,20 , 36,39 ,29 , 52,41 ,31 , 55,47 ,35 , 63,54 ,41 , 73,60 ,45 , 81
Myanmar,26 ,22 , 30,36 ,30 , 42,46 ,40 , 54,54 ,47 , 63,60 ,52 , 70,72 ,62 , 83,75 ,65 , 87,78 ,67 , 90,80 ,69 , 93
Namibia,67 ,57 , 75,75 ,63 , 84,82 ,68 , 92,75 ,61 , 84,78 ,62 , 88,75 ,59 , 84,76 ,60 , 86,77 ,61 , 88,78 ,61 , 89
Nepal,20 ,17 , 23,29 ,25 , 34,36 ,31 , 42,41 ,36 , 48,50 ,44 , 59,58 ,51 , 68,66 ,58 , 77,89 ,78 , >95,91 ,80 , >95
Netherlands,... ,... , ...,... ,... , ...,... ,... , ...,... ,... , ...,... ,... , ...,... ,... , ...,... ,... , ...,... ,... , ...,... ,... , ...
New Zealand,... ,... , ...,... ,... , ...,... ,... , ...,... ,... , ...,... ,... , ...,... ,... , ...,... ,... , ...,... ,... , ...,... ,... , ...
Nicaragua,36 ,29 , 48,38 ,30 , 50,40 ,32 , 54,43 ,34 , 57,44 ,34 , 58,48 ,36 , 65,51 ,39 , 69,51 ,39 , 70,55 ,41 , 76
Niger,9 ,7 , 10,14 ,12 , 16,20 ,16 , 23,17 ,14 , 20,22 ,18 , 25,32 ,26 , 38,38 ,31 , 46,50 ,41 , 62,52 ,42 , 66
Nigeria,12 ,8 , 18,16 ,10 , 25,21 ,13 , 31,23 ,15 , 35,26 ,17 , 40,31 ,19 , 46,34 ,22 , 52,35 ,22 , 53,35 ,22 , 53
Norway,... ,... , ...,... ,... , ...,... ,... , ...,... ,... , ...,... ,... , ...,... ,... , ...,... ,... , ...,... ,... , ...,... ,... , ...
Oman,... ,... , ...,... ,... , ...,... ,... , ...,... ,... , ...,... ,... , ...,... ,... , ...,... ,... , ...,... ,... , ...,... ,... , ...
Pakistan,3 ,3 , 4,2 ,2 , 3,3 ,3 , 4,4 ,3 , 4,4 ,3 , 4,7 ,6 , 8,7 ,6 , 9,9 ,8 , 10,11 ,10 , 13
Panama,>95 ,90 , >95,>95 ,88 , >95,93 ,85 , >95,80 ,73 , 87,70 ,64 , 77,72 ,66 , 79,79 ,72 , 87,67 ,61 , 74,76 ,69 , 84
Papua New Guinea,14 ,12 , 16,16 ,14 , 19,21 ,17 , 24,25 ,21 , 30,30 ,25 , 36,35 ,28 , 41,39 ,31 , 46,43 ,34 , 51,49 ,39 , 58
Paraguay,22 ,15 , 30,35 ,25 , 47,38 ,26 , 52,41 ,28 , 58,39 ,26 , 56,37 ,25 , 54,42 ,28 , 63,44 ,29 , 69,43 ,28 , 68
Peru,29 ,22 , 40,30 ,23 , 41,33 ,25 , 45,43 ,33 , 60,48 ,36 , 67,55 ,41 , 78,58 ,43 , 83,48 ,35 , 69,48 ,34 , 70
Philippines,22 ,18 , 25,17 ,14 , 20,25 ,21 , 30,13 ,10 , 15,13 ,11 , 16,17 ,14 , 21,15 ,13 , 19,19 ,16 , 24,20 ,16 , 25
Poland,... ,... , ...,... ,... , ...,... ,... , ...,... ,... , ...,... ,... , ...,... ,... , ...,... ,... , ...,... ,... , ...,... ,... , ...
Portugal,... ,... , ...,... ,... , ...,... ,... , ...,... ,... , ...,... ,... , ...,... ,... , ...,... ,... , ...,... ,... , ...,... ,... , ...
Qatar,... ,... , ...,... ,... , ...,... ,... , ...,... ,... , ...,... ,... , ...,... ,... , ...,... ,... , ...,... ,... , ...,... ,... , ...
Republic of Korea,... ,... , ...,... ,... , ...,... ,... , ...,... ,... , ...,... ,... , ...,... ,... , ...,... ,... , ...,... ,... , ...,... ,... , ...
Republic of Moldova,14 ,10 , 20,17 ,13 , 24,21 ,15 , 28,26 ,19 , 36,31 ,22 , 42,33 ,24 , 45,38 ,28 , 52,41 ,30 , 56,40 ,30 , 55
Romania,17 ,16 , 17,22 ,21 , 23,33 ,31 , 34,50 ,48 , 52,82 ,79 , 86,>95 ,>95 , >95,>95 ,>95 , >95,>95 ,>95 , >95,>95 ,>95 , >95
Russian Federation,... ,... , ...,... ,... , ...,... ,... , ...,... ,... , ...,... ,... , ...,... ,... , ...,... ,... , ...,... ,... , ...,... ,... , ...
Rwanda,35 ,29 , 40,38 ,31 , 43,42 ,33 , 48,45 ,36 , 53,49 ,38 , 58,54 ,41 , 65,61 ,47 , 75,62 ,46 , 77,63 ,47 , 80
Saint Kitts and Nevis,<1 ,<1 , <1,<1 ,<1 , <1,<1 ,<1 , <1,<1 ,<1 , <1,<1 ,<1 , <1,<1 ,<1 , <1,<1 ,<1 , <1,<1 ,<1 , <1,<1 ,<1 , <1
Saint Lucia,<1 ,<1 , <1,6 ,5 , 6,<1 ,<1 , <1,<1 ,<1 , <1,<1 ,<1 , <1,11 ,10 , 12,6 ,6 , 7,6 ,5 , 6,6 ,5 , 6
Saint Vincent and the Grenadines,10 ,9 , 10,10 ,9 , 10,10 ,9 , 10,19 ,17 , 21,38 ,34 , 42,38 ,34 , 42,38 ,34 , 42,38 ,34 , 42,36 ,31 , 40
Sao Tome and Principe,6 ,5 , 7,7 ,6 , 8,13 ,11 , 15,12 ,10 , 14,24 ,20 , 28,27 ,22 , 33,41 ,33 , 51,48 ,39 , 64,62 ,48 , 83
Saudi Arabia,... ,... , ...,... ,... , ...,... ,... , ...,... ,... , ...,... ,... , ...,... ,... , ...,... ,... , ...,... ,... , ...,... ,... , ...
Senegal,<1 ,<1 , <1,<1 ,<1 , <1,<1 ,<1 , 1,<1 ,<1 , 1,12 ,10 , 14,23 ,20 , 26,25 ,21 , 28,26 ,22 , 30,31 ,26 , 35
Serbia,... ,... , ...,... ,... , ...,... ,... , ...,... ,... , ...,... ,... , ...,... ,... , ...,... ,... , ...,... ,... , ...,... ,... , ...
Sierra Leone,5 ,4 , 7,7 ,5 , 9,6 ,5 , 7,6 ,5 , 8,6 ,5 , 8,10 ,8 , 12,11 ,9 , 14,14 ,11 , 18,17 ,13 , 22
Singapore,... ,... , ...,... ,... , ...,... ,... , ...,... ,... , ...,... ,... , ...,... ,... , ...,... ,... , ...,... ,... , ...,... ,... , ...
Slovakia,... ,... , ...,... ,... , ...,... ,... , ...,... ,... , ...,... ,... , ...,... ,... , ...,... ,... , ...,... ,... , ...,... ,... , ...
Somalia,<1 ,<1 , <1,2 ,2 , 3,2 ,2 , 3,4 ,3 , 4,5 ,5 , 7,7 ,6 , 9,8 ,7 , 10,11 ,9 , 14,14 ,12 , 19
South Africa,32 ,25 , 37,43 ,34 , 51,48 ,38 , 59,52 ,41 , 65,55 ,43 , 70,58 ,45 , 75,61 ,47 , 81,61 ,48 , 83,63 ,49 , 87
South Sudan,<1 ,<1 , <1,<1 ,<1 , 1,1 ,<1 , 1,2 ,1 , 2,3 ,3 , 4,4 ,3 , 6,6 ,4 , 7,7 ,6 , 10,9 ,7 , 12
Spain,... ,... , ...,... ,... , ...,... ,... , ...,... ,... , ...,... ,... , ...,... ,... , ...,... ,... , ...,... ,... , ...,... ,... , ...
Sri Lanka,... ,... , ...,... ,... , ...,... ,... , ...,... ,... , ...,... ,... , ...,... ,... , ...,... ,... , ...,... ,... , ...,... ,... , ...
Sudan,8 ,6 , 10,4 ,4 , 5,5 ,4 , 6,7 ,6 , 9,11 ,8 , 14,10 ,8 , 14,12 ,8 , 17,14 ,9 , 21,15 ,8 , 23
Suriname,79 ,58 , >95,86 ,62 , >95,90 ,64 , >95,87 ,62 , >95,90 ,62 , >95,>95 ,77 , >95,>95 ,76 , >95,95 ,62 , >95,72 ,45 , >95
Sweden,... ,... , ...,... ,... , ...,... ,... , ...,... ,... , ...,... ,... , ...,... ,... , ...,... ,... , ...,... ,... , ...,... ,... , ...
Switzerland,... ,... , ...,... ,... , ...,... ,... , ...,... ,... , ...,... ,... , ...,... ,... , ...,... ,... , ...,... ,... , ...,... ,... , ...
Syrian Arab Republic,... ,... , ...,... ,... , ...,... ,... , ...,... ,... , ...,... ,... , ...,... ,... , ...,... ,... , ...,... ,... , ...,... ,... , ...
Tajikistan,7 ,6 , 9,18 ,14 , 22,35 ,29 , 42,65 ,54 , 76,88 ,76 , >95,>95 ,86 , >95,>95 ,>95 , >95,>95 ,>95 , >95,>95 ,>95 , >95
Thailand,66 ,53 , 77,66 ,54 , 79,66 ,53 , 78,65 ,52 , 78,66 ,52 , 80,65 ,52 , 78,71 ,57 , 86,73 ,59 , 87,83 ,68 , >95
Timor-Leste,... ,... , ...,... ,... , ...,... ,... , ...,... ,... , ...,... ,... , ...,... ,... , ...,... ,... , ...,... ,... , ...,... ,... , ...
Togo,9 ,7 , 10,12 ,10 , 13,13 ,11 , 15,16 ,13 , 17,19 ,16 , 22,21 ,18 , 24,24 ,21 , 27,28 ,24 , 31,34 ,29 , 38
Trinidad and Tobago,... ,... , ...,... ,... , ...,... ,... , ...,... ,... , ...,... ,... , ...,... ,... , ...,... ,... , ...,... ,... , ...,... ,... , ...
Tunisia,... ,... , ...,... ,... , ...,... ,... , ...,... ,... , ...,... ,... , ...,... ,... , ...,... ,... , ...,... ,... , ...,... ,... , ...
Turkey,... ,... , ...,... ,... , ...,... ,... , ...,... ,... , ...,... ,... , ...,... ,... , ...,... ,... , ...,... ,... , ...,... ,... , ...
Turkmenistan,... ,... , ...,... ,... , ...,... ,... , ...,... ,... , ...,... ,... , ...,... ,... , ...,... ,... , ...,... ,... , ...,... ,... , ...
Uganda,16 ,13 , 17,18 ,15 , 20,27 ,23 , 30,34 ,29 , 38,45 ,39 , 50,52 ,45 , 57,57 ,50 , 63,61 ,53 , 67,66 ,57 , 74
Ukraine,79 ,68 , 92,84 ,72 , >95,87 ,74 , >95,91 ,78 , >95,>95 ,86 , >95,>95 ,82 , >95,>95 ,87 , >95,>95 ,86 , >95,>95 ,83 , >95
United Arab Emirates,... ,... , ...,... ,... , ...,... ,... , ...,... ,... , ...,... ,... , ...,... ,... , ...,... ,... , ...,... ,... , ...,... ,... , ...
United Kingdom,... ,... , ...,... ,... , ...,... ,... , ...,... ,... , ...,... ,... , ...,... ,... , ...,... ,... , ...,... ,... , ...,... ,... , ...
United Republic of Tanzania,16 ,14 , 19,18 ,15 , 21,31 ,25 , 35,38 ,32 , 44,42 ,35 , 50,53 ,43 , 63,57 ,45 , 68,58 ,46 , 71,65 ,51 , 80
United States,... ,... , ...,... ,... , ...,... ,... , ...,... ,... , ...,... ,... , ...,... ,... , ...,... ,... , ...,... ,... , ...,... ,... , ...
Uruguay,77 ,63 , >95,75 ,61 , >95,>95 ,83 , >95,87 ,71 , >95,>95 ,80 , >95,86 ,70 , >95,65 ,52 , 87,69 ,53 , 95,64 ,47 , 90
Uzbekistan,37 ,36 , 38,49 ,48 , 51,62 ,60 , 64,72 ,70 , 75,83 ,79 , 86,91 ,87 , >95,94 ,90 , >95,94 ,89 , >95,93 ,87 , >95
Venezuela (Bolivarian Republic of),... ,... , ...,... ,... , ...,... ,... , ...,... ,... , ...,... ,... , ...,... ,... , ...,... ,... , ...,... ,... , ...,... ,... , ...
Viet Nam,70 ,58 , 81,79 ,66 , 91,87 ,72 , >95,91 ,75 , >95,93 ,77 , >95,>95 ,80 , >95,>95 ,79 , >95,>95 ,77 , >95,92 ,74 , >95
Yemen,17 ,11 , 26,20 ,13 , 32,20 ,13 , 31,20 ,14 , 31,46 ,33 , 68,28 ,20 , 40,29 ,22 , 42,32 ,24 , 47,33 ,24 , 50
Zambia,31 ,26 , 37,37 ,31 , 44,46 ,38 , 54,54 ,45 , 64,63 ,52 , 74,76 ,63 , 89,76 ,63 , 90,71 ,59 , 84,79 ,65 , 93
Zimbabwe,26 ,20 , 31,33 ,25 , 40,40 ,31 , 49,42 ,33 , 51,52 ,41 , 64,61 ,48 , 75,70 ,54 , 86,77 ,60 , 94,76 ,59 , 93
Global,20,,,25,,,30,,,34,,,40,,,45,,,49,,,52,,,54,,